"Rank","CryptoCurrency","Market Cap.","Price","Circulating Supply","Volume (24h)","Change (24h)","DateTime"
1,"Bitcoin","$1,617,893,475,359","$80,812.00","20,027,365","$17,722,331,730","0.60 %",2026-05-10 14:15:08.260979
2,"Ethereum","$280,131,117,948","$2,321.94","120,686,604","$9,989,227,762","0.32 %",2026-05-10 14:15:08.260979
3,"Tether","$189,656,604,006","$1.00","189,691,595,367","$35,277,700,754","0.00 %",2026-05-10 14:15:08.260979
4,"XRP","$87,702,288,433","$1.42","61,796,225,236","$1,102,309,733","-0.07 %",2026-05-10 14:15:08.260979
5,"BNB","$87,489,715,275","$649.39","134,785,672","$646,008,674","-0.12 %",2026-05-10 14:15:08.260979
6,"USDC","$77,875,820,320","$1.00","77,896,478,769","$6,135,020,942","-0.01 %",2026-05-10 14:15:08.260979
7,"Solana","$53,861,828,127","$93.30","577,569,808","$2,312,138,144","-0.35 %",2026-05-10 14:15:08.260979
8,"TRON","$33,133,974,087","$0.35","94,793,894,133","$412,359,198","-0.77 %",2026-05-10 14:15:08.260979
9,"Figure Heloc","$18,079,236,625","$1.03","17,572,413,087","$131,960,024","0.07 %",2026-05-10 14:15:08.260979
10,"Dogecoin","$16,673,077,816","$0.11","154,179,196,384","$605,177,834","-1.43 %",2026-05-10 14:15:08.260979
11,"WhiteBIT Coin","$12,704,514,495","$59.54","213,418,274","$44,163,894","0.43 %",2026-05-10 14:15:08.260979
12,"USDS","$11,166,051,461","$1.00","11,168,662,092","$19,904,293","0.00 %",2026-05-10 14:15:08.260979
13,"Hyperliquid","$10,198,014,271","$42.78","238,385,316","$167,858,338","-2.22 %",2026-05-10 14:15:08.260979
14,"Cardano","$10,055,803,925","$0.27","36,988,001,172","$266,932,728","-0.58 %",2026-05-10 14:15:08.260979
15,"Zcash","$9,982,421,424","$601.23","16,688,225","$810,890,823","0.26 %",2026-05-10 14:15:08.260979
16,"LEO Token","$9,398,450,386","$10.21","920,655,440","$517,156","-1.05 %",2026-05-10 14:15:08.260979
17,"Bitcoin Cash","$9,070,253,467","$452.78","20,032,525","$126,989,667","0.53 %",2026-05-10 14:15:08.260979
18,"Chainlink","$7,598,310,374","$10.45","727,099,970","$224,796,967","-0.06 %",2026-05-10 14:15:08.260979
19,"Monero","$7,486,840,954","$406.04","18,446,744","$112,396,756","-0.26 %",2026-05-10 14:15:08.260979
20,"Toncoin","$6,454,730,639","$2.41","2,682,547,787","$381,958,362","-3.03 %",2026-05-10 14:15:08.260979
21,"Canton","$5,866,537,404","$0.15","38,494,373,132","$9,174,195","-4.06 %",2026-05-10 14:15:08.260979
22,"Stellar","$5,438,713,562","$0.16","33,460,611,969","$92,482,592","-1.00 %",2026-05-10 14:15:08.260979
23,"Sui","$4,560,209,222","$1.14","4,005,418,370","$758,238,437","8.75 %",2026-05-10 14:15:08.260979
24,"Litecoin","$4,495,511,913","$58.27","77,150,458","$248,055,912","-0.14 %",2026-05-10 14:15:08.260979
25,"USD1","$4,415,564,001","$1.00","4,420,628,556","$490,724,727","-0.04 %",2026-05-10 14:15:08.260979
26,"Dai","$4,414,416,469","$1.00","4,415,964,927","$80,007,034","0.00 %",2026-05-10 14:15:08.260979
27,"MemeCore","$4,391,982,947","$3.38","1,299,708,708","$10,926,005","-0.03 %",2026-05-10 14:15:08.260979
28,"Avalanche","$4,300,050,683","$9.96","431,771,961","$190,428,957","0.36 %",2026-05-10 14:15:08.260979
29,"Hedera","$4,099,335,709","$0.09","43,373,141,655","$47,682,277","1.91 %",2026-05-10 14:15:08.260979
30,"Ethena USDe","$3,964,436,877","$1.00","3,965,697,575","$80,972,983","0.04 %",2026-05-10 14:15:08.260979
31,"Shiba Inu","$3,792,024,116","$0.00","589,243,344,028,800","$99,495,807","0.32 %",2026-05-10 14:15:08.260979
32,"Rain","$3,632,931,509","$0.01","478,409,559,171","$24,728,565","1.45 %",2026-05-10 14:15:08.260979
33,"PayPal USD","$3,421,503,010","$1.00","3,421,653,301","$20,204,968","0.01 %",2026-05-10 14:15:08.260979
34,"Cronos","$3,127,887,974","$0.07","43,587,123,513","$10,489,858","0.70 %",2026-05-10 14:15:08.260979
35,"Bittensor","$3,022,407,503","$315.15","9,597,491","$149,921,991","1.35 %",2026-05-10 14:15:08.260979
36,"Circle USYC","$2,996,102,562","$1.12","2,668,730,574","$112,267","",2026-05-10 14:15:08.260979
37,"Tether Gold","$2,789,362,008","$4,708.75","592,399","$72,349,212","0.21 %",2026-05-10 14:15:08.260979
38,"Global Dollar","$2,770,165,207","$1.00","2,770,729,823","$25,990,850","-0.01 %",2026-05-10 14:15:08.260979
39,"Uniswap","$2,461,483,836","$3.89","633,561,604","$392,304,477","6.06 %",2026-05-10 14:15:08.260979
40,"BlackRock USD Institutional Digital Liquidity Fund","$2,443,413,184","$1.00","2,443,413,184","$0","0.00 %",2026-05-10 14:15:08.260979
41,"Polkadot","$2,282,518,768","$1.36","1,683,144,419","$116,219,741","-0.20 %",2026-05-10 14:15:08.260979
42,"Mantle","$2,257,208,210","$0.68","3,302,294,383","$33,653,906","-0.49 %",2026-05-10 14:15:08.260979
43,"PAX Gold","$2,223,664,799","$4,712.10","471,943","$43,970,783","0.19 %",2026-05-10 14:15:08.260979
44,"World Liberty Financial","$2,149,475,515","$0.07","31,770,694,290","$94,336,023","-7.85 %",2026-05-10 14:15:08.260979
45,"Ondo","$2,044,111,920","$0.42","4,869,330,647","$248,517,528","-1.28 %",2026-05-10 14:15:08.260979
46,"NEAR Protocol","$2,030,811,931","$1.57","1,295,121,504","$137,465,385","-1.10 %",2026-05-10 14:15:08.260979
47,"Internet Computer","$1,894,796,397","$3.43","552,057,466","$103,707,772","-6.33 %",2026-05-10 14:15:08.260979
48,"OKB","$1,854,829,211","$88.31","21,000,000","$16,415,101","0.38 %",2026-05-10 14:15:08.260979
49,"Sky","$1,828,150,939","$0.08","23,211,734,738","$10,570,099","-3.09 %",2026-05-10 14:15:08.260979
50,"Pi Network","$1,815,120,781","$0.17","10,442,104,479","$10,785,271","0.13 %",2026-05-10 14:15:08.260979
51,"Aster","$1,814,084,323","$0.70","2,579,922,243","$169,748,867","0.51 %",2026-05-10 14:15:08.260979
52,"Pepe","$1,789,727,497","$0.00","420,690,000,000,000","$215,172,634","-1.36 %",2026-05-10 14:15:08.260979
53,"Falcon USD","$1,784,693,393","$1.00","1,785,881,040","$186,673","-0.07 %",2026-05-10 14:15:08.260979
54,"HTX DAO","$1,777,501,566","$0.00","905,707,664,073,580","$70,518,308","-0.31 %",2026-05-10 14:15:08.260979
55,"Ripple USD","$1,550,775,025","$1.00","1,550,832,637","$42,143,335","0.00 %",2026-05-10 14:15:08.260979
56,"Ethereum Classic","$1,500,653,012","$9.58","156,559,602","$53,940,488","-0.19 %",2026-05-10 14:15:08.260979
57,"Bitget Token","$1,490,258,589","$2.13","699,992,036","$18,028,293","0.28 %",2026-05-10 14:15:08.260979
58,"USDD","$1,478,335,230","$1.00","1,478,346,852","$3,182,814","0.00 %",2026-05-10 14:15:08.260979
59,"Aave","$1,459,098,990","$96.16","15,179,912","$279,467,776","0.08 %",2026-05-10 14:15:08.260979
60,"Morpho","$1,338,559,900","$2.12","631,582,290","$11,040,546","0.48 %",2026-05-10 14:15:08.260979
61,"Ondo US Dollar Yield","$1,321,314,243","$1.12","1,179,550,498","$2,682,137","-0.81 %",2026-05-10 14:15:08.260979
62,"BFUSD","$1,319,079,206","$1.00","1,320,000,000","$422,070","-0.01 %",2026-05-10 14:15:08.260979
63,"Janus Henderson Anemoy Treasury Fund","$1,318,633,472","$1.10","1,029,617,832","$0","",2026-05-10 14:15:08.260979
64,"Ethena","$1,161,712,488","$0.13","9,026,562,500","$101,244,012","-0.38 %",2026-05-10 14:15:08.260979
65,"Algorand","$1,147,569,348","$0.13","8,908,957,900","$34,258,677","-1.05 %",2026-05-10 14:15:08.260979
66,"KuCoin","$1,136,885,781","$8.44","134,655,022","$10,247,297","0.61 %",2026-05-10 14:15:08.260979
67,"POL (ex-MATIC)","$1,087,947,343","$0.10","10,640,535,246","$36,522,806","-0.15 %",2026-05-10 14:15:08.260979
68,"Quant","$1,066,541,395","$73.34","14,544,176","$8,475,506","-3.85 %",2026-05-10 14:15:08.260979
69,"Render","$1,044,484,983","$2.01","518,743,261","$57,182,240","0.16 %",2026-05-10 14:15:08.260979
71,"Kaspa","$1,013,799,359","$0.04","27,416,658,505","$15,777,985","1.10 %",2026-05-10 14:15:08.260979
72,"Spiko EU T-Bills Money Market Fund","$996,240,336","$1.24","803,807,946","$0","0.00 %",2026-05-10 14:15:08.260979
73,"Superstate Short Duration U.S. Government Securities Fund (USTB)","$991,448,833","$11.08","89,520,935","$0","0.00 %",2026-05-10 14:15:08.260979
74,"Cosmos Hub","$982,534,700","$1.93","507,829,809","$27,487,871","-1.52 %",2026-05-10 14:15:08.260979
75,"Blockchain Capital","$963,787,980","$105.77","9,112,111","$0","0.00 %",2026-05-10 14:15:08.260979
76,"Filecoin","$919,870,517","$1.18","779,767,691","$115,890,661","-3.77 %",2026-05-10 14:15:08.260979
77,"NEXO","$916,026,096","$0.92","1,000,000,000","$7,559,998","1.41 %",2026-05-10 14:15:08.260979
78,"Worldcoin","$908,929,898","$0.27","3,339,845,574","$61,436,112","0.33 %",2026-05-10 14:15:08.260979
79,"Aptos","$902,019,565","$1.12","807,473,133","$66,418,334","0.98 %",2026-05-10 14:15:08.260979
80,"Arbitrum","$878,678,943","$0.14","6,150,718,438","$77,825,772","0.01 %",2026-05-10 14:15:08.260979
81,"Siren","$851,737,489","$1.17","726,788,283","$22,813,787","-7.63 %",2026-05-10 14:15:08.260979
82,"Gate","$838,132,565","$7.44","112,622,844","$1,815,003","-0.66 %",2026-05-10 14:15:08.260979
83,"Jupiter","$830,404,578","$0.25","3,321,859,854","$81,458,533","1.39 %",2026-05-10 14:15:08.260979
84,"Pump.fun","$779,817,918","$0.00","357,856,850,261","$54,566,195","1.12 %",2026-05-10 14:15:08.260979
85,"​​Stable","$763,835,045","$0.03","22,547,018,175","$11,925,604","-2.64 %",2026-05-10 14:15:08.260979
86,"JUST","$719,226,637","$0.08","8,543,764,567","$18,130,621","1.41 %",2026-05-10 14:15:08.260979
87,"Flare","$718,810,337","$0.01","86,072,385,042","$4,202,117","3.98 %",2026-05-10 14:15:08.260979
89,"VeChain","$664,940,332","$0.01","85,985,041,177","$17,959,715","0.61 %",2026-05-10 14:15:08.260979
91,"Bonk","$640,233,997","$0.00","87,994,735,395,980","$46,528,781","0.78 %",2026-05-10 14:15:08.260979
92,"USDtb","$627,015,044","$1.00","627,267,709","$8,850,394","0.01 %",2026-05-10 14:15:08.260979
93,"Dash","$620,569,110","$49.00","12,691,877","$82,210,026","-0.96 %",2026-05-10 14:15:08.260979
94,"Beldex","$616,009,125","$0.08","7,738,042,436","$12,223,172","-0.40 %",2026-05-10 14:15:08.260979
95,"OUSG","$608,604,441","$115.18","5,284,110","$0","0.00 %",2026-05-10 14:15:08.260979
96,"XDC Network","$603,636,806","$0.03","19,946,688,440","$18,377,086","-2.14 %",2026-05-10 14:15:08.260979
98,"GHO","$583,852,044","$1.00","584,000,000","$1,013,975","0.02 %",2026-05-10 14:15:08.260979
99,"Official Trump","$571,273,224","$2.46","232,498,807","$79,578,016","-0.84 %",2026-05-10 14:15:08.260979
100,"Terra Luna Classic","$562,104,598","$0.00","5,537,212,300,091","$93,975,987","13.12 %",2026-05-10 14:15:08.260979
1173,"Perth Mint Gold Token","$2,065,882","$1,786.56","1,157","$12,755","-0.03 %",2026-05-10 14:15:08.260979
1508,"Digix Gold Token","$1,169,772","$45.22","25,792","$0","-1.00 %",2026-05-10 14:15:08.260979
5920,"AurusGOLD","$0","$58.85","0","$41,716","-0.09 %",2026-05-10 14:15:08.260979
